,word,pos,lemma
0,abertas,VERB,abrir
1,aberta,VERB,abrir
2,abertos,VERB,abrir
3,aberto,VERB,abrir
4,abre,VERB,abrir
5,aconteça,VERB,acontecer
6,adicionais,ADJ,adicional
7,admitem,VERB,admitir
8,admite,VERB,admitir
9,adquire,VERB,adquirir
10,advém,VERB,advir
11,adverte,VERB,advertir
12,agem,VERB,agir
13,agradeço,VERB,agradecer
14,álcoois,NOUN,álcool
15,ambientais,ADJ,ambiental
16,ambulatoriais,ADJ,ambulatorial
17,anéis,NOUN,anel
18,animais,NOUN,animal
19,antimísseis,ADJ,antimíssil
20,anuais,ADJ,anual
21,anunciassem,VERB,anunciar
22,apareça,VERB,aparecer
23,aprazíveis,ADJ,aprazível
24,apreendidas,VERB,apreender
25,aprenda,VERB,aprender
26,aprendi,VERB,aprender
27,aprendo,VERB,aprender
28,artesanais,ADJ,artesanal
29,artificiais,ADJ,artificial
30,assista,VERB,assistir
31,assistenciais,ADJ,assistencial
32,assiste,VERB,assistir
33,assuma,VERB,assumir
34,assume,VERB,assumir
35,atendidas,VERB,atender
36,atingem,VERB,atingir
37,atinge,VERB,atingir
38,atinja,VERB,atingir
39,atraem,VERB,atrair
40,atuais,ADJ,atual
41,automóveis,NOUN,automóvel
42,autorais,ADJ,autoral
43,avançassem,VERB,avançar
44,avó,NOUN,avô
45,avós,NOUN,avô
46,banais,ADJ,banal
47,bandinha,NOUN,banda
48,bandinhas,NOUN,banda
49,barriguinha,NOUN,barriga
50,barris,NOUN,barril
51,bilaterais,ADJ,bilateral
52,biodegradáveis,ADJ,biodegradável
53,bissexuais,NOUN,bissexual
54,brevíssimos,ADJ,breve
55,busquem,VERB,buscar
56,caem,VERB,cair
57,caídos,VERB,cair
58,caímos,VERB,cair
59,caíram,VERB,cair
60,caminhonete,NOUN,caminhão
61,campi,NOUN,campus
62,camponeses,NOUN,camponês
63,canais,NOUN,canal
64,capitais,ADJ,capital
65,capitais,NOUN,capital
66,cartagineses,NOUN,cartaginês
67,cartéis,NOUN,cartel
68,cartinhas,NOUN,carta
69,cedidas,VERB,ceder
70,cereais,NOUN,cereal
71,cerebrais,ADJ,cerebral
72,cestinha,NOUN,cesta
73,chinesa,ADJ,chinês
74,chinesa,NOUN,chinês
75,chinesas,ADJ,chinês
76,chineses,NOUN,chinês
77,civis,ADJ,civil
78,civis,NOUN,civil
79,cobertas,VERB,cobrir
80,coberta,VERB,cobrir
81,cobertos,VERB,cobrir
82,colhidas,VERB,colher
83,coloquei,VERB,colocar
84,combustíveis,ADJ,combustível
85,combustíveis,NOUN,combustível
86,comensais,NOUN,comensal
87,comerciais,ADJ,comercial
88,cometidas,VERB,cometer
89,como,VERB,comer
90,compatíveis,ADJ,compatível
91,compete,VERB,competir
92,compõe,VERB,compor
93,composicionais,ADJ,composicional
94,compostos,VERB,compor
95,compôs,VERB,compor
96,compreenda,VERB,compreender
97,comprinhas,NOUN,compra
98,compunham,VERB,compor
99,comunicassem,VERB,comunicar
100,concedidas,VERB,conceder
101,conceituais,ADJ,conceitual
102,conclua,VERB,concluir
103,concluídas,VERB,concluir
104,concluídos,VERB,concluir
105,concluíram,VERB,concluir
106,confere,VERB,conferir
107,confiáveis,ADJ,confiável
108,confiram,VERB,conferir
109,confunde,VERB,confundir
110,conheçamos,VERB,conhecer
111,conheça,VERB,conhecer
112,conhecidas,VERB,conhecer
113,conheci,VERB,conhecer
114,conheço,VERB,conhecer
115,consegue,VERB,conseguir
116,conseguem,VERB,conseguir
117,consegue,VERB,conseguir
118,consigam,VERB,conseguir
119,consistem,VERB,consistir
120,consiste,VERB,consistir
121,constituem,VERB,constituir
122,constituía,VERB,constituir
123,constrói,VERB,construir
124,construídos,VERB,construir
125,construímos,VERB,construir
126,construíram,VERB,construir
127,contábeis,ADJ,contábil
128,contentassem,VERB,contentar
129,continentais,ADJ,continental
130,continha,VERB,conter
131,contratuais,ADJ,contratual
132,contribua,VERB,contribuir
133,contribuem,VERB,contribuir
134,contribuíram,VERB,contribuir
135,convencê,VERB,convencer
136,convenhamos,VERB,convir
137,corais,NOUN,coral
138,cospem,VERB,cuspir
139,coube,VERB,caber
140,cresça,VERB,crescer
141,crê,VERB,crer
142,cristais,NOUN,cristal
143,cruciais,ADJ,crucial
144,culturais,ADJ,cultural
145,cumpra,VERB,cumprir
146,cumprem,VERB,cumprir
147,cumpre,VERB,cumprir
148,decibéis,NOUN,decibel
149,decida,VERB,decidir
150,decide,VERB,decidir
151,defenda,VERB,defender
152,defendê,VERB,defender
153,definem,VERB,definir
154,define,VERB,definir
155,descobertas,VERB,descobrir
156,descoberta,VERB,descobrir
157,descoberto,VERB,descobrir
158,descobrem,VERB,descobrir
159,descobre,VERB,descobrir
160,descritas,VERB,descrever
161,descubra,VERB,descobrir
162,descumpra,VERB,descumprir
163,desenvolvidas,VERB,desenvolver
164,desfavoráveis,ADJ,desfavorável
165,desista,VERB,desistir
166,desprezíveis,ADJ,desprezível
167,destrua,VERB,destruir
168,destruídas,VERB,destruir
169,destruíram,VERB,destruir
170,destruí,VERB,destruir
171,detinham,VERB,deter
172,detinha,VERB,deter
173,deva,VERB,dever
174,devidas,VERB,dever
175,devo,VERB,dever
176,devolva,VERB,devolver
177,devolvidas,VERB,devolver
178,diferem,VERB,diferir
179,difíceis,ADJ,difícil
180,digamos,VERB,dizer
181,diga,VERB,dizer
182,digitais,ADJ,digital
183,diminua,VERB,diminuir
184,diminuíram,VERB,diminuir
185,dinamarquesa,NOUN,dinamarquês
186,dirigem,VERB,dirigir
187,discutem,VERB,discutir
188,discute,VERB,discutir
189,dispensáveis,ADJ,dispensável
190,dispõe,VERB,dispor
191,disponíveis,ADJ,disponível
192,disseram,VERB,dizer
193,dissera,VERB,dizer
194,disser,VERB,dizer
195,distingue,VERB,distinguir
196,distribuídas,VERB,distribuir
197,distribuídos,VERB,distribuir
198,diverge,VERB,divergir
199,divertem,VERB,divertir
200,diverte,VERB,divertir
201,dividem,VERB,dividir
202,divide,VERB,dividir
203,divido,VERB,dividir
204,diz,VERB,dizer
205,diz,VERB,dizer
206,documentais,ADJ,documental
207,dói,VERB,doer
208,é,VERB,ser
209,editais,NOUN,edital
210,editoriais,ADJ,editorial
211,educacionais,ADJ,educacional
212,eleitorais,ADJ,eleitoral
213,eleitos,VERB,eleger
214,embute,VERB,embutir
215,emerge,VERB,emergir
216,emite,VERB,emitir
217,emocionais,ADJ,emocional
218,empresariais,ADJ,empresarial
219,entenda,VERB,entender
220,entendidas,VERB,entender
221,entendo,VERB,entender
222,envolvidas,VERB,envolver
223,ervais,NOUN,erval
224,esclarecidas,VERB,esclarecer
225,escocesa,ADJ,escocês
226,escolha,VERB,escolher
227,escolhi,VERB,escolher
228,escreva,VERB,escrever
229,escrevo,VERB,escrever
230,escritas,VERB,escrever
231,esculturais,ADJ,escultural
232,espaciais,ADJ,espacial
233,espanhóis,ADJ,espanhol
234,espanhóis,NOUN,espanhol
235,especiais,ADJ,especial
236,esqueça,VERB,esquecer
237,esquecidas,VERB,esquecer
238,estabelecidas,VERB,estabelecer
239,estaduais,ADJ,estadual
240,estatais,ADJ,estatal
241,estáveis,ADJ,estável
242,estruturais,ADJ,estrutural
243,estudantis,ADJ,estudantil
244,européia,ADJ,europeu
245,europeia,ADJ,europeu
246,europeias,ADJ,europeu
247,eventuais,ADJ,eventual
248,é,VERB,ser
249,excluem,VERB,excluir
250,excluídos,VERB,excluir
251,exibem,VERB,exibir
252,exibe,VERB,exibir
253,exigem,VERB,exigir
254,exige,VERB,exigir
255,exista,VERB,existir
256,existem,VERB,existir
257,existe,VERB,existir
258,expandem,VERB,expandir
259,expande,VERB,expandir
260,experimentais,ADJ,experimental
261,expõe,VERB,expor
262,expostos,VERB,expor
263,expôs,VERB,expor
264,extraídos,VERB,extrair
265,façamos,VERB,fazer
266,faça,VERB,fazer
267,fáceis,ADJ,fácil
268,faço,VERB,fazer
269,fantasminha,NOUN,fantasma
270,faríamos,VERB,fazer
271,faróis,NOUN,farol
272,fatais,ADJ,fatal
273,favoráveis,ADJ,favorável
274,fazê,VERB,fazer
275,faz,VERB,fazer
276,federais,ADJ,federal
277,feitos,VERB,fazer
278,feitos,VERB,fazer
279,fez,VERB,fazer
280,fez,VERB,fazer
281,ficassem,VERB,ficar
282,finais,ADJ,final
283,finais,NOUN,final
284,fingem,VERB,fingir
285,fiquei,VERB,ficar
286,fiquei,VERB,ficar
287,fiquem,VERB,ficar
288,fiscais,ADJ,fiscal
289,fiscais,NOUN,fiscal
290,físseis,ADJ,físsil
291,fizemos,VERB,fazer
292,fizeram,VERB,fazer
293,fizerem,VERB,fazer
294,fizer,VERB,fazer
295,fizessem,VERB,fazer
296,fizesse,VERB,fazer
297,fiz,VERB,fazer
298,flexíveis,ADJ,flexível
299,florais,ADJ,floral
300,florestais,ADJ,florestal
301,fluviais,ADJ,fluvial
302,force,VERB,forçar
303,formais,ADJ,formal
304,forneça,VERB,fornecer
305,fornecidas,VERB,fornecer
306,fortíssimo,ADJ,forte
307,fósseis,ADJ,fóssil
308,frágeis,ADJ,frágil
309,francesa,ADJ,francês
310,francesa,NOUN,francês
311,francesas,ADJ,francês
312,franceses,ADJ,francês
313,franceses,NOUN,francês
314,funcionais,ADJ,funcional
315,fundamentais,ADJ,fundamental
316,funerais,NOUN,funeral
317,gases,NOUN,gás
318,gaulesa,ADJ,gaulês
319,gerais,ADJ,geral
320,globais,ADJ,global
321,governamentais,ADJ,governamental
322,gracinhas,NOUN,graça
323,gravíssima,ADJ,grave
324,há,VERB,haver
325,habitacionais,ADJ,habitacional
326,habituais,ADJ,habitual
327,haja,VERB,haver
328,helicoidais,ADJ,helicoidal
329,heterossexuais,NOUN,heterossexual
330,historinha,NOUN,história
331,holandesa,ADJ,holandês
332,holandeses,NOUN,holandês
333,homossexuais,ADJ,homossexual
334,hospitais,NOUN,hospital
335,hotéis,NOUN,hotel
336,houver,VERB,haver
337,houvesse,VERB,haver
338,houve,VERB,haver
339,ideais,ADJ,ideal
340,ideais,NOUN,ideal
341,iguais,ADJ,igual
342,ilegais,ADJ,ilegal
343,imagináveis,ADJ,imaginável
344,imóveis,NOUN,imóvel
345,impede,VERB,impedir
346,impessoais,ADJ,impessoal
347,importantíssimo,ADJ,importante
348,impostos,VERB,impor
349,impressos,VERB,imprimir
350,impunha,VERB,impor
351,inadiáveis,ADJ,inadiável
352,inalienáveis,ADJ,inalienável
353,incluam,VERB,incluir
354,inclua,VERB,incluir
355,incluem,VERB,incluir
356,incluía,VERB,incluir
357,incluídas,VERB,incluir
358,incluíram,VERB,incluir
359,incompatíveis,ADJ,incompatível
360,inconfundíveis,ADJ,inconfundível
361,incríveis,ADJ,incrível
362,indiquem,VERB,indicar
363,individuais,ADJ,individual
364,industriais,ADJ,industrial
365,infiéis,NOUN,infiel
366,informais,ADJ,informal
367,inglesa,ADJ,inglês
368,inglesas,ADJ,inglês
369,ingleses,ADJ,inglês
370,ingleses,NOUN,inglês
371,iniciais,ADJ,inicial
372,inscritas,VERB,inscrever
373,insere,VERB,inserir
374,insiste,VERB,insistir
375,instáveis,ADJ,instável
376,instruídos,VERB,instruir
377,instruírem,VERB,instruir
378,interestaduais,ADJ,interestadual
379,intergovernamentais,ADJ,intergovernamental
380,intermunicipais,ADJ,intermunicipal
381,internacionais,ADJ,internacional
382,interpessoais,ADJ,interpessoal
383,intervém,VERB,intervir
384,investem,VERB,investir
385,investe,VERB,investir
386,invisíveis,ADJ,invisível
387,janelinha,NOUN,janela
388,japonesa,ADJ,japonês
389,japonesas,ADJ,japonês
390,japoneses,NOUN,japonês
391,jornais,NOUN,jornal
392,judiciais,ADJ,judicial
393,juízes,NOUN,juiz
394,juvenis,ADJ,juvenil
395,laterais,NOUN,lateral
396,leais,ADJ,leal
397,legais,ADJ,legal
398,legíveis,ADJ,legível
399,lençóis,NOUN,lençol
400,levassem,VERB,levar
401,lê,VERB,ler
402,libanesas,ADJ,libanês
403,litorais,NOUN,litoral
404,locais,ADJ,local
405,locais,NOUN,local
406,má,ADJ,mau
407,mantê,VERB,manter
408,mantidas,VERB,manter
409,mantinham,VERB,manter
410,mantinha,VERB,manter
411,mantiveram,VERB,manter
412,mantivesse,VERB,manter
413,marciais,ADJ,marcial
414,marginais,ADJ,marginal
415,materiais,ADJ,material
416,materiais,NOUN,material
417,matinais,ADJ,matinal
418,medem,VERB,medir
419,mede,VERB,medir
420,mensais,ADJ,mensal
421,mentais,ADJ,mental
422,mereço,VERB,merecer
423,meses,NOUN,mês
424,minerais,ADJ,mineral
425,mísseis,NOUN,míssil
426,morais,ADJ,moral
427,morri,VERB,morrer
428,motéis,NOUN,motel
429,móveis,ADJ,móvel
430,multinacionais,ADJ,multinacional
431,mundiais,ADJ,mundial
432,municipais,ADJ,municipal
433,musicais,ADJ,musical
434,nacionais,ADJ,nacional
435,nacionais,NOUN,nacional
436,naturais,ADJ,natural
437,naturais,NOUN,natural
438,navais,ADJ,naval
439,neerlandeses,NOUN,neerlandês
440,neozelandesa,ADJ,neozelandês
441,neuronais,ADJ,neuronal
442,níveis,NOUN,nível
443,nominais,ADJ,nominal
444,normais,ADJ,normal
445,norueguesa,ADJ,norueguês
446,norueguesas,ADJ,norueguês
447,notáveis,ADJ,notável
448,obtidas,VERB,obter
449,obtiveram,VERB,obter
450,ocorra,VERB,ocorrer
451,ocorridas,VERB,ocorrer
452,oferecidas,VERB,oferecer
453,oficiais,ADJ,oficial
454,oficiais,NOUN,oficial
455,operacionais,ADJ,operacional
456,opõe,VERB,opor
457,orais,ADJ,oral
458,originais,ADJ,original
459,ornamentais,ADJ,ornamental
460,ouve,VERB,ouvir
461,painéis,NOUN,painel
462,palatáveis,ADJ,palatável
463,paquistanesas,ADJ,paquistanês
464,paranormais,ADJ,paranormal
465,partem,VERB,partir
466,parte,VERB,partir
467,peça,VERB,pedir
468,peço,VERB,pedir
469,pedem,VERB,pedir
470,pede,VERB,pedir
471,peixinhos,NOUN,peixe
472,penais,ADJ,penal
473,pence,NOUN,péni
474,peoa,NOUN,peão
475,perca,VERB,perder
476,perceba,VERB,perceber
477,percentuais,ADJ,percentual
478,perceptíveis,ADJ,perceptível
479,perdi,VERB,perder
480,perfis,NOUN,perfil
481,periciais,ADJ,pericial
482,permaneça,VERB,permanecer
483,permitam,VERB,permitir
484,permita,VERB,permitir
485,permitem,VERB,permitir
486,permite,VERB,permitir
487,perseguem,VERB,perseguir
488,persiste,VERB,persistir
489,pessoais,ADJ,pessoal
490,piadinhas,NOUN,piada
491,pinheirais,NOUN,pinheiral
492,põe,VERB,pôr
493,policiais,ADJ,policial
494,policiais,NOUN,policial
495,poloneses,NOUN,polonês
496,pontuais,ADJ,pontual
497,populacionais,ADJ,populacional
498,portuguesa,ADJ,português
499,portuguesas,ADJ,português
500,portugueses,ADJ,português
501,portugueses,NOUN,português
502,possíveis,ADJ,possível
503,possuam,VERB,possuir
504,possuem,VERB,possuir
505,possuía,VERB,possuir
506,postos,VERB,pôr
507,potenciais,ADJ,potencial
508,praguinhas,NOUN,praga
509,preferem,VERB,preferir
510,preferenciais,ADJ,preferencial
511,prefere,VERB,preferir
512,prejudiciais,ADJ,prejudicial
513,prejudiquem,VERB,prejudicar
514,prendê,VERB,prender
515,presenciais,ADJ,presencial
516,presidenciais,ADJ,presidencial
517,pretendidas,VERB,pretender
518,pretendo,VERB,pretender
519,prevaleça,VERB,prevalecer
520,prevê,VERB,prever
521,previstas,VERB,prever
522,previstos,VERB,prever
523,previsto,VERB,prever
524,principais,ADJ,principal
525,prisionais,ADJ,prisional
526,proceda,VERB,proceder
527,processuais,ADJ,processual
528,produzam,VERB,produzir
529,produza,VERB,produzir
530,produzem,VERB,produzir
531,produz,VERB,produzir
532,profissionais,ADJ,profissional
533,profissionais,NOUN,profissional
534,promocionais,ADJ,promocional
535,promovidas,VERB,promover
536,propõe,VERB,propor
537,propôs,VERB,propor
538,provém,VERB,provir
539,provê,VERB,prover
540,provinciais,ADJ,provincial
541,puderam,VERB,poder
542,puderem,VERB,poder
543,pudesse,VERB,poder
544,pudessem,VERB,poder
545,quaisquer,ADJ,qualquer
546,quanto,NOUN,quantum
547,quero,VERB,querer
548,quer,VERB,querer
549,quiseram,VERB,querer
550,quiserem,VERB,querer
551,quiser,VERB,querer
552,quisesse,VERB,querer
553,quis,VERB,querer
554,racionais,ADJ,racional
555,raízes,NOUN,raiz
556,ramais,NOUN,ramal
557,reage,VERB,reagir
558,reais,ADJ,real
559,reais,NOUN,real
560,receba,VERB,receber
561,recebê,VERB,receber
562,recebidas,VERB,receber
563,recebi,VERB,receber
564,recicláveis,ADJ,reciclável
565,recomendassem,VERB,recomendar
566,reconheçamos,VERB,reconhecer
567,reconheça,VERB,reconhecer
568,reconhecidas,VERB,reconhecer
569,reduzem,VERB,reduzir
570,reduz,VERB,reduzir
571,referem,VERB,referir
572,refere,VERB,referir
573,refez,VERB,refazer
574,reflete,VERB,refletir
575,reforce,VERB,reforçar
576,regionais,ADJ,regional
577,remetidas,VERB,remeter
578,removidas,VERB,remover
579,renováveis,ADJ,renovável
580,repete,VERB,repetir
581,reproduz,VERB,reproduzir
582,requer,VERB,requerer
583,residam,VERB,residir
584,residem,VERB,residir
585,residenciais,ADJ,residencial
586,reside,VERB,residir
587,residuais,ADJ,residual
588,resolvidas,VERB,resolver
589,resolvi,VERB,resolver
590,responda,VERB,responder
591,responsáveis,ADJ,responsável
592,responsáveis,NOUN,responsável
593,ressarça,VERB,ressarcir
594,ressurge,VERB,ressurgir
595,restitua,VERB,restituir
596,restringem,VERB,restringir
597,resume,VERB,resumir
598,reúnem,VERB,reunir
599,reutilizáveis,ADJ,reutilizável
600,reverta,VERB,reverter
601,rivais,NOUN,rival
602,rurais,ADJ,rural
603,saem,VERB,sair
604,saídas,VERB,sair
605,saímos,VERB,sair
606,saíram,VERB,sair
607,saírem,VERB,sair
608,saísse,VERB,sair
609,saí,VERB,sair
610,salariais,ADJ,salarial
611,salsinha,NOUN,salsa
612,satisfaça,VERB,satisfazer
613,satisfizeram,VERB,satisfazer
614,saudáveis,ADJ,saudável
615,sazonais,ADJ,sazonal
616,sei,VERB,saber
617,semanais,ADJ,semanal
618,semifinais,NOUN,semifinal
619,sensíveis,ADJ,sensível
620,sensoriais,ADJ,sensorial
621,servem,VERB,servir
622,serve,VERB,servir
623,servissem,VERB,servir
624,setoriais,ADJ,setorial
625,sexuais,ADJ,sexual
626,sindicais,ADJ,sindical
627,sinto,VERB,sentir
628,sirvam,VERB,servir
629,sobem,VERB,subir
630,sociais,ADJ,social
631,socorridas,VERB,socorrer
632,sofra,VERB,sofrer
633,sofridas,VERB,sofrer
634,solúveis,ADJ,solúvel
635,somos,VERB,ser
636,somos,VERB,ser
637,souberam,VERB,saber
638,soubesse,VERB,saber
639,soube,VERB,saber
640,sozinha,ADJ,só
641,sozinhos,ADJ,só
642,suba,VERB,subir
643,subjaz,VERB,subjazer
644,submetidas,VERB,submeter
645,substanciais,ADJ,substancial
646,substitua,VERB,substituir
647,substituídas,VERB,substituir
648,substituídos,VERB,substituir
649,substituíram,VERB,substituir
650,substituíssem,VERB,substituir
651,subtraíram,VERB,subtrair
652,subtropicais,ADJ,subtropical
653,sugere,VERB,sugerir
654,surge,VERB,surgir
655,surgissem,VERB,surgir
656,suspenda,VERB,suspender
657,suspensa,VERB,suspender
658,suspenso,VERB,suspender
659,sustentáveis,ADJ,sustentável
660,tanquinhos,NOUN,tanque
661,tê,VERB,ter
662,telejornais,NOUN,telejornal
663,temporais,NOUN,temporal
664,tenham,VERB,ter
665,tenhamos,VERB,ter
666,tenhamos,VERB,ter
667,tenham,VERB,ter
668,tinha,VERB,ter
669,tinham,VERB,ter
670,tínhamos,VERB,ter
671,tínhamos,VERB,ter
672,tinham,VERB,ter
673,tinha,VERB,ter
674,tivemos,VERB,ter
675,tivemos,VERB,ter
676,tiveram,VERB,ter
677,tiverem,VERB,ter
678,tivermos,VERB,ter
679,tiver,VERB,ter
680,tivesse,VERB,ter
681,tivesse,VERB,ter
682,tosse,VERB,tossir
683,totais,ADJ,total
684,tradicionais,ADJ,tradicional
685,traduzem,VERB,traduzir
686,transexuais,NOUN,transexual
687,transmite,VERB,transmitir
688,transpô,VERB,transpor
689,traremos,VERB,trazer
690,traz,VERB,trazer
691,tribunais,NOUN,tribunal
692,trimestrais,ADJ,trimestral
693,tropicais,ADJ,tropical
694,trouxessem,VERB,trazer
695,trouxesse,VERB,trazer
696,trouxe,VERB,trazer
697,trouxinhas,NOUN,trouxa
698,túneis,NOUN,túnel
699,usufruírem,VERB,usufruir
700,úteis,ADJ,útil
701,vá,VERB,ir
702,vamos,VERB,ir
703,vamos,VERB,ir
704,variáveis,NOUN,variável
705,vegetais,ADJ,vegetal
706,vem,VERB,vir
707,vêm,VERB,vir
708,vem,VERB,vir
709,vêm,VERB,vir
710,vença,VERB,vencer
711,vendidas,VERB,vender
712,vendi,VERB,vender
713,venha,VERB,vir
714,venham,VERB,vir
715,venho,VERB,vir
716,venho,VERB,vir
717,verbais,ADJ,verbal
718,verticais,ADJ,vertical
719,vê,VERB,ver
720,vieram,VERB,vir
721,vieram,VERB,vir
722,vinham,VERB,vir
723,virtuais,ADJ,virtual
724,visíveis,ADJ,visível
725,vissem,VERB,ver
726,vistos,VERB,ver
727,visuais,ADJ,visual
728,vitrais,NOUN,vitral
729,vividas,VERB,viver
730,vocais,NOUN,vocal
731,vogais,NOUN,vogal
732,vovó,NOUN,vovô
733,vulneráveis,ADJ,vulnerável
